-- --------------------------------------------------------
-- Host:                         127.0.0.1
-- Versión del servidor:         10.4.32-MariaDB - mariadb.org binary distribution
-- SO del servidor:              Win64
-- HeidiSQL Versión:             12.10.0.7000
-- --------------------------------------------------------

/*!40101 SET @OLD_CHARACTER_SET_CLIENT=@@CHARACTER_SET_CLIENT */;
/*!40101 SET NAMES utf8 */;
/*!50503 SET NAMES utf8mb4 */;
/*!40103 SET @OLD_TIME_ZONE=@@TIME_ZONE */;
/*!40103 SET TIME_ZONE='+00:00' */;
/*!40014 SET @OLD_FOREIGN_KEY_CHECKS=@@FOREIGN_KEY_CHECKS, FOREIGN_KEY_CHECKS=0 */;
/*!40101 SET @OLD_SQL_MODE=@@SQL_MODE, SQL_MODE='NO_AUTO_VALUE_ON_ZERO' */;
/*!40111 SET @OLD_SQL_NOTES=@@SQL_NOTES, SQL_NOTES=0 */;

-- Volcando estructura para tabla constructora.clientes
CREATE TABLE IF NOT EXISTS `clientes` (
  `id` int(11) NOT NULL AUTO_INCREMENT,
  `pais_id` int(11) unsigned DEFAULT NULL,
  `cif` varchar(15) DEFAULT NULL,
  `nombre` varchar(100) DEFAULT NULL,
  `telefono` varchar(50) DEFAULT NULL,
  `correo` varchar(255) DEFAULT NULL,
  `cuenta_corriente` varchar(255) DEFAULT NULL,
  `moneda` varchar(255) DEFAULT NULL,
  `importe_mensual` decimal(20,2) DEFAULT NULL,
  `created_at` timestamp NULL DEFAULT NULL,
  `updated_at` timestamp NULL DEFAULT NULL,
  `deleted_at` timestamp NULL DEFAULT NULL,
  PRIMARY KEY (`id`),
  KEY `pais_id` (`pais_id`),
  CONSTRAINT `FK_clientes_paises` FOREIGN KEY (`pais_id`) REFERENCES `paises` (`id`) ON DELETE NO ACTION ON UPDATE NO ACTION
) ENGINE=InnoDB AUTO_INCREMENT=8 DEFAULT CHARSET=utf8mb4 COLLATE=utf8mb4_general_ci;

-- Volcando datos para la tabla constructora.clientes: ~3 rows (aproximadamente)
DELETE FROM `clientes`;
INSERT INTO `clientes` (`id`, `pais_id`, `cif`, `nombre`, `telefono`, `correo`, `cuenta_corriente`, `moneda`, `importe_mensual`, `created_at`, `updated_at`, `deleted_at`) VALUES
	(1, 682, '12345678Z', 'Cliente 1', '+34644194414', 'cliente1@cliente.es', 'SPEF2345234523452345', 'EUR', 45.00, '2025-02-13 10:58:26', '2025-02-18 07:23:13', NULL),
	(2, 583, '12345678Z', 'Cliente 2', '+34234234234', 'cliente2@cliente.es', 'FGHT8765876587658765', 'EUR', 34.45, '2025-02-14 12:50:27', '2025-02-15 18:20:24', NULL),
	(7, 724, '44247955A', 'Pablo', '+34644194414', 'pablobejarano2005@gmail.com', '45567890', 'BOB', 34.70, '2025-02-17 16:48:11', '2025-02-17 17:55:55', NULL);

-- Volcando estructura para tabla constructora.remesa
CREATE TABLE IF NOT EXISTS `remesa` (
  `id` int(11) NOT NULL AUTO_INCREMENT,
  `mes` int(11) DEFAULT NULL,
  `ano` int(11) DEFAULT NULL,
  PRIMARY KEY (`id`)
) ENGINE=InnoDB AUTO_INCREMENT=4 DEFAULT CHARSET=utf8mb4 COLLATE=utf8mb4_general_ci;

-- Volcando datos para la tabla constructora.remesa: ~3 rows (aproximadamente)
DELETE FROM `remesa`;
INSERT INTO `remesa` (`id`, `mes`, `ano`) VALUES
	(1, 1, 2025),
	(2, 2, 2025),
	(3, 3, 2025);

-- Volcando estructura para tabla constructora.cuota
CREATE TABLE IF NOT EXISTS `cuota` (
  `id` int(11) NOT NULL AUTO_INCREMENT,
  `cliente_id` int(11) DEFAULT NULL,
  `remesa_id` int(11) DEFAULT NULL,
  `concepto` varchar(255) DEFAULT NULL,
  `fecha_emision` timestamp NULL DEFAULT NULL,
  `importe` float DEFAULT NULL,
  `fecha_pago` timestamp NULL DEFAULT NULL,
  `notas` varchar(255) DEFAULT NULL,
  PRIMARY KEY (`id`),
  KEY `cliente_id` (`cliente_id`),
  KEY `remesa_id` (`remesa_id`),
  CONSTRAINT `FK_cuota_clientes` FOREIGN KEY (`cliente_id`) REFERENCES `clientes` (`id`) ON DELETE NO ACTION ON UPDATE NO ACTION,
  CONSTRAINT `FK_cuota_remesa` FOREIGN KEY (`remesa_id`) REFERENCES `remesa` (`id`) ON DELETE NO ACTION ON UPDATE NO ACTION
) ENGINE=InnoDB AUTO_INCREMENT=12 DEFAULT CHARSET=utf8mb4 COLLATE=utf8mb4_general_ci;

-- Volcando datos para la tabla constructora.cuota: ~11 rows (aproximadamente)
DELETE FROM `cuota`;
INSERT INTO `cuota` (`id`, `cliente_id`, `remesa_id`, `concepto`, `fecha_emision`, `importe`, `fecha_pago`, `notas`) VALUES
	(1, 1, 1, 'Remesa', '2025-02-28 10:49:19', NULL, '2025-01-28 10:52:34', 'Remesa 1 - 2025'),
	(2, 2, 1, 'Remesa', '2025-02-28 10:49:19', NULL, '2025-01-28 10:54:43', 'Remesa 1 - 2025'),
	(3, 7, 1, 'Remesa', '2025-02-28 10:49:19', NULL, '2025-01-28 10:55:18', 'Remesa 1 - 2025'),
	(4, 1, NULL, 'Trabajo Extra', '2025-02-28 10:56:09', 89.9, '2025-01-28 10:57:15', 'Trabajo Extra'),
	(5, 1, 2, 'Remesa', '2025-02-28 11:00:51', NULL, '2025-02-28 11:01:00', 'Remesa 2 - 2025'),
	(6, 2, 2, 'Remesa', '2025-02-28 11:00:51', NULL, '2025-02-28 11:01:29', 'Remesa 2 - 2025'),
	(7, 7, 2, 'Remesa', '2025-02-28 11:00:51', NULL, '2025-02-28 11:01:46', 'Remesa 2 - 2025'),
	(8, 1, 3, 'Remesa', '2025-03-28 11:02:51', NULL, '2025-03-28 11:03:03', 'Remesa 3 - 2025'),
	(9, 2, 3, 'Remesa', '2025-03-28 11:02:51', NULL, '2025-03-28 11:03:04', 'Remesa 3 - 2025'),
	(10, 7, 3, 'Remesa', '2025-03-28 11:02:51', NULL, '2025-03-28 11:03:05', 'Remesa 3 - 2025'),
	(11, 2, NULL, 'Trabajo Extra', '2025-02-28 11:05:00', 78.88, NULL, 'Trabajo Extra');

-- Volcando estructura para tabla constructora.paises
CREATE TABLE IF NOT EXISTS `paises` (
  `id` int(11) unsigned NOT NULL,
  `iso2` char(2) CHARACTER SET utf8 COLLATE utf8_unicode_ci NOT NULL,
  `iso3` char(3) CHARACTER SET utf8 COLLATE utf8_unicode_ci NOT NULL,
  `prefijo` smallint(5) unsigned NOT NULL,
  `nombre` varchar(100) CHARACTER SET utf8 COLLATE utf8_unicode_ci NOT NULL,
  `continente` varchar(16) CHARACTER SET utf8 COLLATE utf8_unicode_ci DEFAULT NULL,
  `subcontinente` varchar(32) CHARACTER SET utf8 COLLATE utf8_unicode_ci DEFAULT NULL,
  `iso_moneda` varchar(3) CHARACTER SET utf8 COLLATE utf8_unicode_ci DEFAULT NULL,
  `nombre_moneda` varchar(100) CHARACTER SET utf8 COLLATE utf8_unicode_ci DEFAULT NULL,
  PRIMARY KEY (`id`),
  UNIQUE KEY `iso2` (`iso2`),
  UNIQUE KEY `iso3` (`iso3`)
) ENGINE=InnoDB DEFAULT CHARSET=utf8mb4 COLLATE=utf8mb4_general_ci;

-- Volcando datos para la tabla constructora.paises: ~241 rows (aproximadamente)
DELETE FROM `paises`;
INSERT INTO `paises` (`id`, `iso2`, `iso3`, `prefijo`, `nombre`, `continente`, `subcontinente`, `iso_moneda`, `nombre_moneda`) VALUES
	(4, 'AF', 'AFG', 93, 'Afganistán', 'Asia', NULL, 'AFN', 'Afgani afgano'),
	(8, 'AL', 'ALB', 355, 'Albania', 'Europa', NULL, 'ALL', 'Lek albanés'),
	(10, 'AQ', 'ATA', 672, 'Antártida', 'Antártida', NULL, NULL, NULL),
	(12, 'DZ', 'DZA', 213, 'Argelia', 'África', NULL, 'DZD', 'Dinar algerino'),
	(16, 'AS', 'ASM', 1684, 'Samoa Americana', 'Oceanía', NULL, NULL, NULL),
	(20, 'AD', 'AND', 376, 'Andorra', 'Europa', NULL, 'EUR', 'Euro'),
	(24, 'AO', 'AGO', 244, 'Angola', 'África', NULL, 'AOA', 'Kwanza angoleño'),
	(28, 'AG', 'ATG', 1268, 'Antigua y Barbuda', 'América', 'El Caribe', NULL, NULL),
	(31, 'AZ', 'AZE', 994, 'Azerbaiyán', 'Asia', NULL, 'AZM', 'Manat azerbaiyano'),
	(32, 'AR', 'ARG', 54, 'Argentina', 'América', 'América del Sur', 'ARS', 'Peso argentino'),
	(36, 'AU', 'AUS', 61, 'Australia', 'Oceanía', NULL, 'AUD', 'Dólar australiano'),
	(40, 'AT', 'AUT', 43, 'Austria', 'Europa', NULL, 'EUR', 'Euro'),
	(44, 'BS', 'BHS', 1242, 'Bahamas', 'América', 'El Caribe', 'BSD', 'Dólar bahameño'),
	(48, 'BH', 'BHR', 973, 'Bahréin', 'Asia', NULL, 'BHD', 'Dinar bahreiní'),
	(50, 'BD', 'BGD', 880, 'Bangladesh', 'Asia', NULL, 'BDT', 'Taka de Bangladesh'),
	(51, 'AM', 'ARM', 374, 'Armenia', 'Asia', NULL, 'AMD', 'Dram armenio'),
	(52, 'BB', 'BRB', 1246, 'Barbados', 'América', 'El Caribe', 'BBD', 'Dólar de Barbados'),
	(56, 'BE', 'BEL', 32, 'Bélgica', 'Europa', NULL, 'EUR', 'Euro'),
	(60, 'BM', 'BMU', 1441, 'Bermudas', 'América', 'El Caribe', 'BMD', 'Dólar de Bermuda'),
	(64, 'BT', 'BTN', 975, 'Bhután', 'Asia', NULL, 'BTN', 'Ngultrum de Bután'),
	(68, 'BO', 'BOL', 591, 'Bolivia', 'América', 'América del Sur', 'BOB', 'Boliviano'),
	(70, 'BA', 'BIH', 387, 'Bosnia y Herzegovina', 'Europa', NULL, 'BAM', 'Marco convertible de Bosnia-Herzegovina'),
	(72, 'BW', 'BWA', 267, 'Botsuana', 'África', NULL, 'BWP', 'Pula de Botsuana'),
	(74, 'BV', 'BVT', 0, 'Isla Bouvet', NULL, NULL, NULL, NULL),
	(76, 'BR', 'BRA', 55, 'Brasil', 'América', 'América del Sur', 'BRL', 'Real brasileño'),
	(84, 'BZ', 'BLZ', 501, 'Belice', 'América', 'América Central', 'BZD', 'Dólar de Belice'),
	(86, 'IO', 'IOT', 0, 'Territorio Británico del Océano Índico', NULL, NULL, NULL, NULL),
	(90, 'SB', 'SLB', 677, 'Islas Salomón', 'Oceanía', NULL, 'SBD', 'Dólar de las Islas Salomón'),
	(92, 'VG', 'VGB', 1284, 'Islas Vírgenes Británicas', 'América', 'El Caribe', NULL, NULL),
	(96, 'BN', 'BRN', 673, 'Brunéi', 'Asia', NULL, 'BND', 'Dólar de Brunéi'),
	(100, 'BG', 'BGR', 359, 'Bulgaria', 'Europa', NULL, 'BGN', 'Lev búlgaro'),
	(104, 'MM', 'MMR', 95, 'Myanmar', 'Asia', NULL, 'MMK', 'Kyat birmano'),
	(108, 'BI', 'BDI', 257, 'Burundi', 'África', NULL, 'BIF', 'Franco burundés'),
	(112, 'BY', 'BLR', 375, 'Bielorrusia', 'Europa', NULL, 'BYR', 'Rublo bielorruso'),
	(116, 'KH', 'KHM', 855, 'Camboya', 'Asia', NULL, 'KHR', 'Riel camboyano'),
	(120, 'CM', 'CMR', 237, 'Camerún', 'África', NULL, NULL, NULL),
	(124, 'CA', 'CAN', 1, 'Canadá', 'América', 'América del Norte', 'CAD', 'Dólar canadiense'),
	(132, 'CV', 'CPV', 238, 'Cabo Verde', 'África', NULL, 'CVE', 'Escudo caboverdiano'),
	(136, 'KY', 'CYM', 1345, 'Islas Caimán', 'América', 'El Caribe', 'KYD', 'Dólar caimano (de Islas Caimán)'),
	(140, 'CF', 'CAF', 236, 'República Centroafricana', 'África', NULL, NULL, NULL),
	(144, 'LK', 'LKA', 94, 'Sri Lanka', 'Asia', NULL, 'LKR', 'Rupia de Sri Lanka'),
	(148, 'TD', 'TCD', 235, 'Chad', 'África', NULL, NULL, NULL),
	(152, 'CL', 'CHL', 56, 'Chile', 'América', 'América del Sur', 'CLP', 'Peso chileno'),
	(156, 'CN', 'CHN', 86, 'China', 'Asia', NULL, 'CNY', 'Yuan Renminbi de China'),
	(158, 'TW', 'TWN', 886, 'Taiwán', 'Asia', NULL, 'TWD', 'Dólar taiwanés'),
	(162, 'CX', 'CXR', 61, 'Isla de Navidad', 'Oceanía', NULL, NULL, NULL),
	(166, 'CC', 'CCK', 61, 'Islas Cocos', 'Óceanía', NULL, NULL, NULL),
	(170, 'CO', 'COL', 57, 'Colombia', 'América', 'América del Sur', 'COP', 'Peso colombiano'),
	(174, 'KM', 'COM', 269, 'Comoras', 'África', NULL, 'KMF', 'Franco comoriano (de Comoras)'),
	(175, 'YT', 'MYT', 262, 'Mayotte', 'África', NULL, NULL, NULL),
	(178, 'CG', 'COG', 242, 'Congo', 'África', NULL, NULL, NULL),
	(180, 'CD', 'COD', 243, 'República Democrática del Congo', 'África', NULL, 'CDF', 'Franco congoleño'),
	(184, 'CK', 'COK', 682, 'Islas Cook', 'Oceanía', NULL, NULL, NULL),
	(188, 'CR', 'CRI', 506, 'Costa Rica', 'América', 'América Central', 'CRC', 'Colón costarricense'),
	(191, 'HR', 'HRV', 385, 'Croacia', 'Europa', NULL, 'HRK', 'Kuna croata'),
	(192, 'CU', 'CUB', 53, 'Cuba', 'América', 'El Caribe', 'CUP', 'Peso cubano'),
	(196, 'CY', 'CYP', 357, 'Chipre', 'Europa', NULL, 'CYP', 'Libra chipriota'),
	(203, 'CZ', 'CZE', 420, 'República Checa', 'Europa', NULL, 'CZK', 'Koruna checa'),
	(204, 'BJ', 'BEN', 229, 'Benín', 'África', NULL, NULL, NULL),
	(208, 'DK', 'DNK', 45, 'Dinamarca', 'Europa', NULL, 'DKK', 'Corona danesa'),
	(212, 'DM', 'DMA', 1767, 'Dominica', 'América', 'El Caribe', NULL, NULL),
	(214, 'DO', 'DOM', 1809, 'República Dominicana', 'América', 'El Caribe', 'DOP', 'Peso dominicano'),
	(218, 'EC', 'ECU', 593, 'Ecuador', 'América', 'América del Sur', NULL, NULL),
	(222, 'SV', 'SLV', 503, 'El Salvador', 'América', 'América Central', 'SVC', 'Colón salvadoreño'),
	(226, 'GQ', 'GNQ', 240, 'Guinea Ecuatorial', 'África', NULL, NULL, NULL),
	(231, 'ET', 'ETH', 251, 'Etiopía', 'África', NULL, 'ETB', 'Birr etíope'),
	(232, 'ER', 'ERI', 291, 'Eritrea', 'África', NULL, 'ERN', 'Nakfa eritreo'),
	(233, 'EE', 'EST', 372, 'Estonia', 'Europa', NULL, 'EEK', 'Corona estonia'),
	(234, 'FO', 'FRO', 298, 'Islas Feroe', 'Europa', NULL, NULL, NULL),
	(238, 'FK', 'FLK', 500, 'Islas Malvinas', 'América', 'América del Sur', 'FKP', 'Libra malvinense'),
	(239, 'GS', 'SGS', 0, 'Islas Georgias del Sur y Sandwich del Sur', 'América', 'América del Sur', NULL, NULL),
	(242, 'FJ', 'FJI', 679, 'Fiyi', 'Oceanía', NULL, 'FJD', 'Dólar fijiano'),
	(246, 'FI', 'FIN', 358, 'Finlandia', 'Europa', NULL, 'EUR', 'Euro'),
	(248, 'AX', 'ALA', 0, 'Islas Gland', 'Europa', NULL, NULL, NULL),
	(250, 'FR', 'FRA', 33, 'Francia', 'Europa', NULL, 'EUR', 'Euro'),
	(254, 'GF', 'GUF', 0, 'Guayana Francesa', 'América', 'América del Sur', NULL, NULL),
	(258, 'PF', 'PYF', 689, 'Polinesia Francesa', 'Oceanía', NULL, NULL, NULL),
	(260, 'TF', 'ATF', 0, 'Territorios Australes Franceses', NULL, NULL, NULL, NULL),
	(262, 'DJ', 'DJI', 253, 'Yibuti', 'África', NULL, 'DJF', 'Franco yibutiano'),
	(266, 'GA', 'GAB', 241, 'Gabón', 'África', NULL, NULL, NULL),
	(268, 'GE', 'GEO', 995, 'Georgia', 'Europa', NULL, 'GEL', 'Lari georgiano'),
	(270, 'GM', 'GMB', 220, 'Gambia', 'África', NULL, 'GMD', 'Dalasi gambiano'),
	(275, 'PS', 'PSE', 0, 'Palestina', 'Asia', NULL, NULL, NULL),
	(276, 'DE', 'DEU', 49, 'Alemania', 'Europa', NULL, 'EUR', 'Euro'),
	(288, 'GH', 'GHA', 233, 'Ghana', 'África', NULL, 'GHC', 'Cedi ghanés'),
	(292, 'GI', 'GIB', 350, 'Gibraltar', 'Europa', NULL, 'GIP', 'Libra de Gibraltar'),
	(296, 'KI', 'KIR', 686, 'Kiribati', 'Oceanía', NULL, NULL, NULL),
	(300, 'GR', 'GRC', 30, 'Grecia', 'Europa', NULL, 'EUR', 'Euro'),
	(304, 'GL', 'GRL', 299, 'Groenlandia', 'América', 'América del Norte', NULL, NULL),
	(308, 'GD', 'GRD', 1473, 'Granada', 'América', 'El Caribe', NULL, NULL),
	(312, 'GP', 'GLP', 0, 'Guadalupe', 'América', 'El Caribe', NULL, NULL),
	(316, 'GU', 'GUM', 1671, 'Guam', 'Oceanía', NULL, NULL, NULL),
	(320, 'GT', 'GTM', 502, 'Guatemala', 'América', 'América Central', 'GTQ', 'Quetzal guatemalteco'),
	(324, 'GN', 'GIN', 224, 'Guinea', 'África', NULL, 'GNF', 'Franco guineano'),
	(328, 'GY', 'GUY', 592, 'Guyana', 'América', 'América del Sur', 'GYD', 'Dólar guyanés'),
	(332, 'HT', 'HTI', 509, 'Haití', 'América', 'El Caribe', 'HTG', 'Gourde haitiano'),
	(334, 'HM', 'HMD', 0, 'Islas Heard y McDonald', 'Oceanía', NULL, NULL, NULL),
	(336, 'VA', 'VAT', 39, 'Ciudad del Vaticano', 'Europa', NULL, NULL, NULL),
	(340, 'HN', 'HND', 504, 'Honduras', 'América', 'América Central', 'HNL', 'Lempira hondureño'),
	(344, 'HK', 'HKG', 852, 'Hong Kong', 'Asia', NULL, 'HKD', 'Dólar de Hong Kong'),
	(348, 'HU', 'HUN', 36, 'Hungría', 'Europa', NULL, 'HUF', 'Forint húngaro'),
	(352, 'IS', 'ISL', 354, 'Islandia', 'Europa', NULL, 'ISK', 'Króna islandesa'),
	(356, 'IN', 'IND', 91, 'India', 'Asia', NULL, 'INR', 'Rupia india'),
	(360, 'ID', 'IDN', 62, 'Indonesia', 'Asia', NULL, 'IDR', 'Rupiah indonesia'),
	(364, 'IR', 'IRN', 98, 'Irán', 'Asia', NULL, 'IRR', 'Rial iraní'),
	(368, 'IQ', 'IRQ', 964, 'Iraq', 'Asia', NULL, 'IQD', 'Dinar iraquí'),
	(372, 'IE', 'IRL', 353, 'Irlanda', 'Europa', NULL, 'EUR', 'Euro'),
	(376, 'IL', 'ISR', 972, 'Israel', 'Asia', NULL, 'ILS', 'Nuevo shéquel israelí'),
	(380, 'IT', 'ITA', 39, 'Italia', 'Europa', NULL, 'EUR', 'Euro'),
	(384, 'CI', 'CIV', 225, 'Costa de Marfil', 'África', NULL, NULL, NULL),
	(388, 'JM', 'JAM', 1876, 'Jamaica', 'América', 'El Caribe', 'JMD', 'Dólar jamaicano'),
	(392, 'JP', 'JPN', 81, 'Japón', 'Asia', NULL, 'JPY', 'Yen japonés'),
	(398, 'KZ', 'KAZ', 7, 'Kazajstán', 'Asia', NULL, 'KZT', 'Tenge kazajo'),
	(400, 'JO', 'JOR', 962, 'Jordania', 'Asia', NULL, 'JOD', 'Dinar jordano'),
	(404, 'KE', 'KEN', 254, 'Kenia', 'África', NULL, 'KES', 'Chelín keniata'),
	(408, 'KP', 'PRK', 850, 'Corea del Norte', 'Asia', NULL, 'KPW', 'Won norcoreano'),
	(410, 'KR', 'KOR', 82, 'Corea del Sur', 'Asia', NULL, 'KRW', 'Won surcoreano'),
	(414, 'KW', 'KWT', 965, 'Kuwait', 'Asia', NULL, 'KWD', 'Dinar kuwaití'),
	(417, 'KG', 'KGZ', 996, 'Kirguistán', 'Asia', NULL, 'KGS', 'Som kirguís (de Kirguistán)'),
	(418, 'LA', 'LAO', 856, 'Laos', 'Asia', NULL, 'LAK', 'Kip lao'),
	(422, 'LB', 'LBN', 961, 'Líbano', 'Asia', NULL, 'LBP', 'Libra libanesa'),
	(426, 'LS', 'LSO', 266, 'Lesotho', 'África', NULL, 'LSL', 'Loti lesotense'),
	(428, 'LV', 'LVA', 371, 'Letonia', 'Europa', NULL, 'LVL', 'Lat letón'),
	(430, 'LR', 'LBR', 231, 'Liberia', 'África', NULL, 'LRD', 'Dólar liberiano'),
	(434, 'LY', 'LBY', 218, 'Libia', 'África', NULL, 'LYD', 'Dinar libio'),
	(438, 'LI', 'LIE', 423, 'Liechtenstein', 'Europa', NULL, NULL, NULL),
	(440, 'LT', 'LTU', 370, 'Lituania', 'Europa', NULL, 'LTL', 'Litas lituano'),
	(442, 'LU', 'LUX', 352, 'Luxemburgo', 'Europa', NULL, 'EUR', 'Euro'),
	(446, 'MO', 'MAC', 853, 'Macao', 'Asia', NULL, 'MOP', 'Pataca de Macao'),
	(450, 'MG', 'MDG', 261, 'Madagascar', 'África', NULL, 'MGA', 'Ariary malgache'),
	(454, 'MW', 'MWI', 265, 'Malaui', 'África', NULL, 'MWK', 'Kwacha malauiano'),
	(458, 'MY', 'MYS', 60, 'Malasia', 'Asia', NULL, 'MYR', 'Ringgit malayo'),
	(462, 'MV', 'MDV', 960, 'Maldivas', 'Asia', NULL, 'MVR', 'Rufiyaa maldiva'),
	(466, 'ML', 'MLI', 223, 'Malí', 'África', NULL, NULL, NULL),
	(470, 'MT', 'MLT', 356, 'Malta', 'Europa', NULL, 'MTL', 'Lira maltesa'),
	(474, 'MQ', 'MTQ', 0, 'Martinica', 'América', 'El Caribe', NULL, NULL),
	(478, 'MR', 'MRT', 222, 'Mauritania', 'África', NULL, 'MRO', 'Ouguiya mauritana'),
	(480, 'MU', 'MUS', 230, 'Mauricio', 'África', NULL, 'MUR', 'Rupia mauricia'),
	(484, 'MX', 'MEX', 52, 'México', 'América', 'América del Norte', 'MXN', 'Peso mexicano'),
	(492, 'MC', 'MCO', 377, 'Mónaco', 'Europa', NULL, NULL, NULL),
	(496, 'MN', 'MNG', 976, 'Mongolia', 'Asia', NULL, 'MNT', 'Tughrik mongol'),
	(498, 'MD', 'MDA', 373, 'Moldavia', 'Europa', NULL, 'MDL', 'Leu moldavo'),
	(499, 'ME', 'MNE', 382, 'Montenegro', 'Europa', NULL, NULL, NULL),
	(500, 'MS', 'MSR', 1664, 'Montserrat', 'América', 'El Caribe', NULL, NULL),
	(504, 'MA', 'MAR', 212, 'Marruecos', 'África', NULL, 'MAD', 'Dirham marroquí'),
	(508, 'MZ', 'MOZ', 258, 'Mozambique', 'África', NULL, 'MZM', 'Metical mozambiqueño'),
	(512, 'OM', 'OMN', 968, 'Omán', 'Asia', NULL, 'OMR', 'Rial omaní'),
	(516, 'NA', 'NAM', 264, 'Namibia', 'África', NULL, 'NAD', 'Dólar namibio'),
	(520, 'NR', 'NRU', 674, 'Nauru', 'Oceanía', NULL, NULL, NULL),
	(524, 'NP', 'NPL', 977, 'Nepal', 'Asia', NULL, 'NPR', 'Rupia nepalesa'),
	(528, 'NL', 'NLD', 31, 'Países Bajos', 'Europa', NULL, 'EUR', 'Euro'),
	(530, 'AN', 'ANT', 599, 'Antillas Holandesas', 'América', 'El Caribe', 'ANG', 'Florín antillano neerlandés'),
	(533, 'AW', 'ABW', 297, 'Aruba', 'América', 'El Caribe', 'AWG', 'Florín arubeño'),
	(540, 'NC', 'NCL', 687, 'Nueva Caledonia', 'Oceanía', NULL, NULL, NULL),
	(548, 'VU', 'VUT', 678, 'Vanuatu', 'Oceanía', NULL, 'VUV', 'Vatu vanuatense'),
	(554, 'NZ', 'NZL', 64, 'Nueva Zelanda', 'Oceanía', NULL, 'NZD', 'Dólar neozelandés'),
	(558, 'NI', 'NIC', 505, 'Nicaragua', 'América', 'América Central', 'NIO', 'Córdoba nicaragüense'),
	(562, 'NE', 'NER', 227, 'Níger', 'África', NULL, NULL, NULL),
	(566, 'NG', 'NGA', 234, 'Nigeria', 'África', NULL, 'NGN', 'Naira nigeriana'),
	(570, 'NU', 'NIU', 683, 'Niue', 'Oceanía', NULL, NULL, NULL),
	(574, 'NF', 'NFK', 0, 'Isla Norfolk', 'Oceanía', NULL, NULL, NULL),
	(578, 'NO', 'NOR', 47, 'Noruega', 'Europa', NULL, 'NOK', 'Corona noruega'),
	(580, 'MP', 'MNP', 1670, 'Islas Marianas del Norte', 'Oceanía', NULL, NULL, NULL),
	(581, 'UM', 'UMI', 0, 'Islas Ultramarinas de Estados Unidos', NULL, NULL, NULL, NULL),
	(583, 'FM', 'FSM', 691, 'Micronesia', 'Oceanía', NULL, NULL, NULL),
	(584, 'MH', 'MHL', 692, 'Islas Marshall', 'Oceanía', NULL, NULL, NULL),
	(585, 'PW', 'PLW', 680, 'Palaos', 'Oceanía', NULL, NULL, NULL),
	(586, 'PK', 'PAK', 92, 'Pakistán', 'Asia', NULL, 'PKR', 'Rupia pakistaní'),
	(591, 'PA', 'PAN', 507, 'Panamá', 'América', 'América Central', 'PAB', 'Balboa panameña'),
	(598, 'PG', 'PNG', 675, 'Papúa Nueva Guinea', 'Oceanía', NULL, 'PGK', 'Kina de Papúa Nueva Guinea'),
	(600, 'PY', 'PRY', 595, 'Paraguay', 'América', 'América del Sur', 'PYG', 'Guaraní paraguayo'),
	(604, 'PE', 'PER', 51, 'Perú', 'América', 'América del Sur', 'PEN', 'Nuevo sol peruano'),
	(608, 'PH', 'PHL', 63, 'Filipinas', 'Asia', NULL, 'PHP', 'Peso filipino'),
	(612, 'PN', 'PCN', 870, 'Islas Pitcairn', 'Oceanía', NULL, NULL, NULL),
	(616, 'PL', 'POL', 48, 'Polonia', 'Europa', NULL, 'PLN', 'zloty polaco'),
	(620, 'PT', 'PRT', 351, 'Portugal', 'Europa', NULL, 'EUR', 'Euro'),
	(624, 'GW', 'GNB', 245, 'Guinea-Bissau', 'África', NULL, NULL, NULL),
	(626, 'TL', 'TLS', 670, 'Timor Oriental', 'Asia', NULL, NULL, NULL),
	(630, 'PR', 'PRI', 1, 'Puerto Rico', 'América', 'El Caribe', NULL, NULL),
	(634, 'QA', 'QAT', 974, 'Qatar', 'Asia', NULL, 'QAR', 'Rial qatarí'),
	(638, 'RE', 'REU', 262, 'Reunión', 'África', NULL, NULL, NULL),
	(642, 'RO', 'ROU', 40, 'Rumania', 'Europa', NULL, 'RON', 'Leu rumano'),
	(643, 'RU', 'RUS', 7, 'Rusia', 'Asia', NULL, 'RUB', 'Rublo ruso'),
	(646, 'RW', 'RWA', 250, 'Ruanda', 'África', NULL, 'RWF', 'Franco ruandés'),
	(654, 'SH', 'SHN', 290, 'Santa Helena', 'África', NULL, 'SHP', 'Libra de Santa Helena'),
	(659, 'KN', 'KNA', 1869, 'San Cristóbal y Nieves', 'América', 'El Caribe', NULL, NULL),
	(660, 'AI', 'AIA', 1264, 'Anguila', 'América', 'El Caribe', NULL, NULL),
	(662, 'LC', 'LCA', 1758, 'Santa Lucía', 'América', 'El Caribe', NULL, NULL),
	(666, 'PM', 'SPM', 508, 'San Pedro y Miquelón', 'América', 'América del Norte', NULL, NULL),
	(670, 'VC', 'VCT', 1784, 'San Vicente y las Granadinas', 'América', 'El Caribe', NULL, NULL),
	(674, 'SM', 'SMR', 378, 'San Marino', 'Europa', NULL, NULL, NULL),
	(678, 'ST', 'STP', 239, 'Santo Tomé y Príncipe', 'África', NULL, 'STD', 'Dobra de Santo Tomé y Príncipe'),
	(682, 'SA', 'SAU', 966, 'Arabia Saudí', 'Asia', NULL, 'SAR', 'Riyal saudí'),
	(686, 'SN', 'SEN', 221, 'Senegal', 'África', NULL, NULL, NULL),
	(688, 'RS', 'SRB', 381, 'Serbia', 'Europa', NULL, NULL, NULL),
	(690, 'SC', 'SYC', 248, 'Seychelles', 'África', NULL, 'SCR', 'Rupia de Seychelles'),
	(694, 'SL', 'SLE', 232, 'Sierra Leona', 'África', NULL, 'SLL', 'Leone de Sierra Leona'),
	(702, 'SG', 'SGP', 65, 'Singapur', 'Asia', NULL, 'SGD', 'Dólar de Singapur'),
	(703, 'SK', 'SVK', 421, 'Eslovaquia', 'Europa', NULL, 'SKK', 'Corona eslovaca'),
	(704, 'VN', 'VNM', 84, 'Vietnam', 'Asia', NULL, 'VND', 'Dong vietnamita'),
	(705, 'SI', 'SVN', 386, 'Eslovenia', 'Europa', NULL, NULL, NULL),
	(706, 'SO', 'SOM', 252, 'Somalia', 'África', NULL, 'SOS', 'Chelín somalí'),
	(710, 'ZA', 'ZAF', 27, 'Sudáfrica', 'África', NULL, 'ZAR', 'Rand sudafricano'),
	(716, 'ZW', 'ZWE', 263, 'Zimbabue', 'África', NULL, 'ZWL', 'Dólar zimbabuense'),
	(724, 'ES', 'ESP', 34, 'España', 'Europa', NULL, 'EUR', 'Euro'),
	(732, 'EH', 'ESH', 0, 'Sahara Occidental', 'África', NULL, NULL, NULL),
	(736, 'SD', 'SDN', 249, 'Sudán', 'África', NULL, 'SDD', 'Dinar sudanés'),
	(740, 'SR', 'SUR', 597, 'Surinam', 'América', 'América del Sur', 'SRD', 'Dólar surinamés'),
	(744, 'SJ', 'SJM', 0, 'Svalbard y Jan Mayen', 'Europa', NULL, NULL, NULL),
	(748, 'SZ', 'SWZ', 268, 'Suazilandia', 'África', NULL, 'SZL', 'Lilangeni suazi'),
	(752, 'SE', 'SWE', 46, 'Suecia', 'Europa', NULL, 'SEK', 'Corona sueca'),
	(756, 'CH', 'CHE', 41, 'Suiza', 'Europa', NULL, 'CHF', 'Franco suizo'),
	(760, 'SY', 'SYR', 963, 'Siria', 'Asia', NULL, 'SYP', 'Libra siria'),
	(762, 'TJ', 'TJK', 992, 'Tayikistán', 'Asia', NULL, 'TJS', 'Somoni tayik (de Tayikistán)'),
	(764, 'TH', 'THA', 66, 'Tailandia', 'Asia', NULL, 'THB', 'Baht tailandés'),
	(768, 'TG', 'TGO', 228, 'Togo', 'África', NULL, NULL, NULL),
	(772, 'TK', 'TKL', 690, 'Tokelau', 'Oceanía', NULL, NULL, NULL),
	(776, 'TO', 'TON', 676, 'Tonga', 'Oceanía', NULL, 'TOP', 'Paanga tongano'),
	(780, 'TT', 'TTO', 1868, 'Trinidad y Tobago', 'América', 'El Caribe', 'TTD', 'Dólar de Trinidad y Tobago'),
	(784, 'AE', 'ARE', 971, 'Emiratos Árabes Unidos', 'Asia', NULL, 'AED', 'Dirham de los Emiratos Árabes Unidos'),
	(788, 'TN', 'TUN', 216, 'Túnez', 'África', NULL, 'TND', 'Dinar tunecino'),
	(792, 'TR', 'TUR', 90, 'Turquía', 'Asia', NULL, 'TRY', 'Lira turca'),
	(795, 'TM', 'TKM', 993, 'Turkmenistán', 'Asia', NULL, 'TMM', 'Manat turcomano'),
	(796, 'TC', 'TCA', 1649, 'Islas Turcas y Caicos', 'América', 'El Caribe', NULL, NULL),
	(798, 'TV', 'TUV', 688, 'Tuvalu', 'Oceanía', NULL, NULL, NULL),
	(800, 'UG', 'UGA', 256, 'Uganda', 'África', NULL, 'UGX', 'Chelín ugandés'),
	(804, 'UA', 'UKR', 380, 'Ucrania', 'Europa', NULL, 'UAH', 'Grivna ucraniana'),
	(807, 'MK', 'MKD', 389, 'Macedonia', 'Europa', NULL, 'MKD', 'Denar macedonio'),
	(818, 'EG', 'EGY', 20, 'Egipto', 'África', NULL, 'EGP', 'Libra egipcia'),
	(826, 'GB', 'GBR', 44, 'Reino Unido', 'Europa', NULL, 'GBP', 'Libra esterlina (libra de Gran Bretaña)'),
	(834, 'TZ', 'TZA', 255, 'Tanzania', 'África', NULL, 'TZS', 'Chelín tanzano'),
	(840, 'US', 'USA', 1, 'Estados Unidos', 'América', 'América del Norte', 'USD', 'Dólar estadounidense'),
	(850, 'VI', 'VIR', 1340, 'Islas Vírgenes de los Estados Unidos', 'América', 'El Caribe', NULL, NULL),
	(854, 'BF', 'BFA', 226, 'Burkina Faso', 'África', NULL, NULL, NULL),
	(858, 'UY', 'URY', 598, 'Uruguay', 'América', 'América del Sur', 'UYU', 'Peso uruguayo'),
	(860, 'UZ', 'UZB', 998, 'Uzbekistán', 'Asia', NULL, 'UZS', 'Som uzbeko'),
	(862, 'VE', 'VEN', 58, 'Venezuela', 'América', 'América del Sur', 'VEB', 'Bolívar venezolano'),
	(876, 'WF', 'WLF', 681, 'Wallis y Futuna', 'Oceanía', NULL, NULL, NULL),
	(882, 'WS', 'WSM', 685, 'Samoa', 'Oceanía', NULL, 'WST', 'Tala samoana'),
	(887, 'YE', 'YEM', 967, 'Yemen', 'Asia', NULL, 'YER', 'Rial yemení (de Yemen)'),
	(894, 'ZM', 'ZMB', 260, 'Zambia', 'África', NULL, 'ZMK', 'Kwacha zambiano');

-- Volcando estructura para tabla constructora.users
CREATE TABLE IF NOT EXISTS `users` (
  `id` int(11) unsigned NOT NULL AUTO_INCREMENT,
  `cif` varchar(15) DEFAULT NULL,
  `name` varchar(255) DEFAULT NULL,
  `email` varchar(255) NOT NULL,
  `email_verified_at` timestamp NULL DEFAULT NULL,
  `telefono` varchar(50) DEFAULT NULL,
  `direccion` varchar(50) DEFAULT NULL,
  `rol` enum('A','O') DEFAULT NULL,
  `password` varchar(255) NOT NULL,
  `remember_token` varchar(100) DEFAULT NULL,
  `created_at` timestamp NULL DEFAULT NULL,
  `updated_at` timestamp NULL DEFAULT NULL,
  `deleted_at` timestamp NULL DEFAULT NULL,
  PRIMARY KEY (`id`),
  UNIQUE KEY `users_email_unique` (`email`)
) ENGINE=InnoDB AUTO_INCREMENT=8 DEFAULT CHARSET=utf8mb4 COLLATE=utf8mb4_unicode_ci;

-- Volcando datos para la tabla constructora.users: ~3 rows (aproximadamente)
DELETE FROM `users`;
INSERT INTO `users` (`id`, `cif`, `name`, `email`, `email_verified_at`, `telefono`, `direccion`, `rol`, `password`, `remember_token`, `created_at`, `updated_at`, `deleted_at`) VALUES
	(1, '12345678Z', 'Pablo Bejarano', 'pablobejarano2005@gmail.com', NULL, '+34644194414', 'Blas Infante, merequetengue', 'A', '$2y$12$x06sPUk2.ouN2.JS8ySzzu2sCLH1EcxXG5yX8DGihqIrs0O1Pe1yS', NULL, '2025-01-31 08:06:15', '2025-02-16 22:07:24', NULL),
	(2, '12345678Z', 'Romeo Julian', 'pbejvil955@gmail.es', NULL, '+34-123-123-123', 'Blas Infante, 41', 'O', '$2y$12$f8QfJ3SPo6Dj6JtIbiiCaucWrrmQ.F1D8VrxlwTtA5xeclJf5Dwgq', NULL, '2025-02-16 23:00:00', '2025-02-17 07:46:48', NULL),
	(3, '12345678Z', 'Juan Manuel', 'pbejvil955@g.educaand.es', NULL, '+34-456-456-456', 'El Camino, 34', 'O', '$2y$12$DKI1W5ovaTuMQVeODxGmIeQG6yTdqvBep4VacX3HnkDUjvEa3A8W6', NULL, '2025-02-12 14:53:49', '2025-02-18 07:16:28', NULL);

-- Volcando estructura para tabla constructora.tareas
CREATE TABLE IF NOT EXISTS `tareas` (
  `id` int(11) unsigned NOT NULL AUTO_INCREMENT,
  `operario_id` int(11) unsigned DEFAULT NULL,
  `cliente_id` int(11) DEFAULT NULL,
  `nombre_contacto` varchar(255) DEFAULT NULL,
  `apellido_contacto` varchar(255) DEFAULT NULL,
  `telefono_contacto` varchar(255) DEFAULT NULL,
  `correo_contacto` varchar(255) DEFAULT NULL,
  `descripcion` varchar(255) DEFAULT NULL,
  `direccion` varchar(255) DEFAULT NULL,
  `poblacion` varchar(255) DEFAULT NULL,
  `cod_postal` varchar(10) DEFAULT NULL,
  `provincia_id` int(11) DEFAULT NULL,
  `estado` enum('P','B','R','C') DEFAULT NULL,
  `created_at` timestamp NULL DEFAULT NULL,
  `updated_at` timestamp NULL DEFAULT NULL,
  `deleted_at` timestamp NULL DEFAULT NULL,
  `fecha_realizacion` timestamp NULL DEFAULT NULL,
  `anotaciones_anteriores` varchar(255) DEFAULT NULL,
  `anotaciones_posteriores` varchar(255) DEFAULT NULL,
  `fichero` varchar(255) DEFAULT NULL,
  `foto` varchar(255) DEFAULT NULL,
  PRIMARY KEY (`id`),
  KEY `operario_id` (`operario_id`),
  KEY `cliente_id` (`cliente_id`),
  KEY `provincia_id` (`provincia_id`),
  CONSTRAINT `FK_tareas_clientes` FOREIGN KEY (`cliente_id`) REFERENCES `clientes` (`id`) ON DELETE NO ACTION ON UPDATE NO ACTION,
  CONSTRAINT `FK_tareas_tbl_provincias` FOREIGN KEY (`provincia_id`) REFERENCES `tbl_provincias` (`id`) ON DELETE NO ACTION ON UPDATE NO ACTION,
  CONSTRAINT `FK_tareas_users` FOREIGN KEY (`operario_id`) REFERENCES `users` (`id`) ON DELETE NO ACTION ON UPDATE NO ACTION
) ENGINE=InnoDB AUTO_INCREMENT=20 DEFAULT CHARSET=utf8mb4 COLLATE=utf8mb4_general_ci;

-- Volcando datos para la tabla constructora.tareas: ~16 rows (aproximadamente)
DELETE FROM `tareas`;
INSERT INTO `tareas` (`id`, `operario_id`, `cliente_id`, `nombre_contacto`, `apellido_contacto`, `telefono_contacto`, `correo_contacto`, `descripcion`, `direccion`, `poblacion`, `cod_postal`, `provincia_id`, `estado`, `created_at`, `updated_at`, `deleted_at`, `fecha_realizacion`, `anotaciones_anteriores`, `anotaciones_posteriores`, `fichero`, `foto`) VALUES
	(1, 2, 2, 'Example7', 'Example7', '+34-777-77-77-77', 'example@example.com7', 'Example7', 'Example7', 'Example7', '21777', 21, 'R', '2025-02-13 21:32:18', '2025-02-14 19:03:57', NULL, '2025-03-08 23:00:00', '77777', '77777', 'ficheros/tarea_1/V7xboIpUFfWs14zc3KNCvWJBr4i24KmcXyvpEpqd.pdf', 'fotos/tarea_1/tns8GWv37YA8U6izQlii1g6fgKyZxVN0UmflChhs.jpg'),
	(4, 2, 7, 'Pablo', 'Bejarano', '+34644194414', 'example@example.com', 'Example', 'Blas Infante', 'Almonte', '21730', 21, 'P', '2025-02-13 21:41:10', '2025-02-16 13:24:54', NULL, NULL, 'Example', 'Example', NULL, NULL),
	(5, 3, 1, 'Pablo3', 'Bejarano3', '+34644194414', 'example@example.com3', 'Example3', 'Blas Infante3', 'Almonte3', '21730', 21, 'R', '2025-02-14 07:34:41', '2025-02-14 16:58:31', NULL, '2025-03-02 23:00:00', 'Example3', 'Example3', NULL, NULL),
	(6, 3, 1, 'Pablo4', 'Bejarano4', '+34644194414', 'example@example.com', 'Example4', 'Blas Infante4', 'Almonte4', '21730', 21, 'R', '2025-02-14 07:57:59', '2025-02-16 19:53:07', NULL, '2025-02-01 23:00:00', 'Example Operario', 'Example Operario', 'ficheros/tarea_6/GyIQjpke1UXwPfptictBmgf4AbuIEcwPTpGyfN0i.pdf', 'fotos/tarea_6/w30HBdwN1Zjo60KzShIuzoQfQs4TuY3GQkrwjT5c.jpg'),
	(7, 3, 1, 'Pablo', 'Bejarano', '+34644194414', 'example@example.com', 'Example5', 'Blas Infante', 'Almonte', '21730', 21, 'R', '2025-02-14 07:59:11', '2025-02-14 19:35:20', NULL, '2025-02-15 23:00:00', 'wadwadwawdaawd', 'awdawdad', 'ficheros/tarea_7/scrMlUr9yhFilabxObwrnvDkfudElMKGuVWZ7fQS.pdf', 'fotos/tarea_7/YZDFrPG9ega11CHZfMCy9YhqfkzAAH8nt9e7xBT4.png'),
	(8, 2, 1, 'Pablo', 'Bejarano', '+34644194414', 'example@example.com', 'Example', 'Blas Infante', 'Almonte', '21730', 21, 'P', '2025-02-15 14:44:57', '2025-02-16 15:26:16', NULL, NULL, NULL, NULL, NULL, NULL),
	(9, 2, 1, 'Pablo', 'Bejarano', '+34644194414', 'example@example.com', 'Example 34', 'Blas Infante', 'Almonte', '21730', 21, 'R', '2025-02-15 14:45:53', '2025-02-16 13:36:46', NULL, '2025-02-11 23:00:00', NULL, NULL, NULL, NULL),
	(10, 2, 1, 'Pablo', 'Bejarano', '+34644194414', 'example@example.com', 'Example 35', 'Blas Infante', 'Almonte', '21730', 21, 'P', '2025-02-15 14:46:27', '2025-02-16 13:25:28', NULL, NULL, NULL, NULL, NULL, NULL),
	(11, 3, 1, 'Pablo', 'Bejarano', '+34644194414', 'example@example.com', 'Example 36', 'Blas Infante', 'Almonte', '21730', 21, 'P', '2025-02-15 14:46:56', '2025-02-16 13:26:28', NULL, NULL, NULL, NULL, NULL, NULL),
	(12, 2, 1, 'Pablo', 'Bejarano', '+34644194414', 'example@example.com', 'awdawad', 'Blas Infante', 'Almonte', '21730', 21, 'P', '2025-02-15 15:01:15', '2025-02-16 13:26:43', NULL, NULL, NULL, NULL, NULL, NULL),
	(13, 2, 1, 'Pablo', 'Bejarano', '+34644194414', 'example@example.com', 'awdawad', 'Blas Infante', 'Almonte', '21730', 21, 'P', '2025-02-15 15:01:18', '2025-02-16 13:27:23', NULL, NULL, NULL, NULL, NULL, NULL),
	(14, 2, 1, 'Pablo', 'Bejarano', '+34644194414', 'example@example.com', 'awdawad', 'Blas Infante', 'Almonte', '21730', 21, 'P', '2025-02-15 15:01:35', '2025-02-16 13:27:53', NULL, NULL, NULL, NULL, NULL, NULL),
	(15, 2, 1, 'Pablo', 'Bejarano', '+34644194414', 'example@example.com', 'awdawad', 'Blas Infante', 'Almonte', '21730', 21, 'R', '2025-02-15 15:01:38', '2025-02-16 13:37:05', NULL, '2025-02-07 23:00:00', NULL, NULL, NULL, NULL),
	(16, NULL, 7, 'Pablo', 'Bejarano', '+34123123123', 'pablobejarano2005@gmail.com', 'Ejemplo Request 1', 'Blas Infante', 'Almonte', '21730', 21, 'B', '2025-02-17 18:16:13', '2025-02-17 18:16:13', NULL, NULL, 'Esto es un ejemplo de request 1', NULL, NULL, NULL),
	(17, NULL, 7, 'Pablo', 'Bejarano', '+34644194414', 'pablobejarano2005@gmail.com', 'Ejemplo 3 request', 'Blas Infante', 'Almonte', '21730', 21, 'B', '2025-02-17 18:31:11', '2025-02-17 18:31:11', NULL, NULL, 'Ejemplo 3 request', NULL, NULL, NULL),
	(18, 3, 7, 'Pablo', 'Bejarano', '+34644194414', 'pablobejarano2005@gmail.com', 'Ejemplo 4 request', 'Blas Infante', 'Almonte', '21730', 21, 'P', '2025-02-17 18:39:47', '2025-02-17 18:52:40', NULL, NULL, 'Ejemplo 4 request', NULL, NULL, NULL),
	(19, 2, 7, 'Pablo', 'Bejarano', '+34644194414', 'pablobejarano2005@gmail.com', 'cacacaca', 'Blas Infante', 'Almonte', '21730', 21, 'R', '2025-02-28 13:31:31', '2025-02-28 13:34:12', NULL, '2025-03-06 23:00:00', 'fkjsdfnksdnf', 'skfsdfhksdjf', 'ficheros/tarea_19/zKRDHK3mYxPdkaxk0CwDKebrcRxTJXkBThNWKsEH.pdf', 'fotos/tarea_19/u0qNLQmxnhqMtOTaSFwUJYZjvvDFBTCDkAbq3IrH.png');

-- Volcando estructura para tabla constructora.tbl_comunidadesautonomas
CREATE TABLE IF NOT EXISTS `tbl_comunidadesautonomas` (
  `id` tinyint(4) NOT NULL DEFAULT 0,
  `nombre` varchar(50) NOT NULL DEFAULT '',
  PRIMARY KEY (`id`),
  KEY `nombre` (`nombre`)
) ENGINE=InnoDB DEFAULT CHARSET=utf8 COLLATE=utf8_general_ci COMMENT='Afiliados de alta';

-- Volcando datos para la tabla constructora.tbl_comunidadesautonomas: ~19 rows (aproximadamente)
DELETE FROM `tbl_comunidadesautonomas`;
INSERT INTO `tbl_comunidadesautonomas` (`id`, `nombre`) VALUES
	(1, 'Andalucía'),
	(2, 'Aragón'),
	(3, 'Asturias (Principado de)'),
	(4, 'Balears (IIles)'),
	(5, 'Canarias'),
	(6, 'Cantabria'),
	(8, 'Castilla y León'),
	(7, 'Castilla-La Mancha'),
	(9, 'Cataluña'),
	(18, 'Ceuta'),
	(10, 'Comunidad Valenciana'),
	(11, 'Extremadura'),
	(12, 'Galicia'),
	(13, 'Madrid (Comunidad de)'),
	(19, 'Melilla'),
	(14, 'Murcia (Región de)'),
	(15, 'Navarra (Comunidad Foral de)'),
	(16, 'País Vasco'),
	(17, 'Rioja (La)');

-- Volcando estructura para tabla constructora.tbl_provincias
CREATE TABLE IF NOT EXISTS `tbl_provincias` (
  `id` int(11) NOT NULL COMMENT 'Código de la provincia de dos digitos',
  `nombre` varchar(50) NOT NULL COMMENT 'Nombre de la provincia',
  `comunidad_id` tinyint(4) NOT NULL COMMENT 'Código de la comunidad a la que pertenece',
  PRIMARY KEY (`id`) USING BTREE,
  KEY `nombre` (`nombre`),
  KEY `FK_ComunidadAutonomaProv` (`comunidad_id`),
  CONSTRAINT `FK_tbl_provincias_tbl_comunidadesautonomas` FOREIGN KEY (`comunidad_id`) REFERENCES `tbl_comunidadesautonomas` (`id`) ON DELETE NO ACTION ON UPDATE NO ACTION
) ENGINE=InnoDB DEFAULT CHARSET=utf8 COLLATE=utf8_general_ci COMMENT='Provincias de españa; 99 para seleccionar a Nacional';

-- Volcando datos para la tabla constructora.tbl_provincias: ~52 rows (aproximadamente)
DELETE FROM `tbl_provincias`;
INSERT INTO `tbl_provincias` (`id`, `nombre`, `comunidad_id`) VALUES
	(1, 'Alava', 16),
	(2, 'Albacete', 7),
	(3, 'Alicante', 10),
	(4, 'Almera', 1),
	(5, 'Avila', 8),
	(6, 'Badajoz', 11),
	(7, 'Balears (Illes)', 4),
	(8, 'Barcelona', 9),
	(9, 'Burgos', 8),
	(10, 'Cáceres', 11),
	(11, 'Cádiz', 1),
	(12, 'Castellón', 10),
	(13, 'Ciudad Real', 7),
	(14, 'Córdoba', 1),
	(15, 'Coruña (A)', 12),
	(16, 'Cuenca', 7),
	(17, 'Girona', 9),
	(18, 'Granada', 1),
	(19, 'Guadalajara', 7),
	(20, 'Guipzcoa', 16),
	(21, 'Huelva', 1),
	(22, 'Huesca', 2),
	(23, 'Jaén', 1),
	(24, 'León', 8),
	(25, 'Lleida', 9),
	(26, 'Rioja (La)', 17),
	(27, 'Lugo', 12),
	(28, 'Madrid', 13),
	(29, 'Málaga', 1),
	(30, 'Murcia', 14),
	(31, 'Navarra', 15),
	(32, 'Ourense', 12),
	(33, 'Asturias', 3),
	(34, 'Palencia', 8),
	(35, 'Palmas (Las)', 5),
	(36, 'Pontevedra', 12),
	(37, 'Salamanca', 8),
	(38, 'Santa Cruz de Tenerife', 5),
	(39, 'Cantabria', 6),
	(40, 'Segovia', 8),
	(41, 'Sevilla', 1),
	(42, 'Soria', 8),
	(43, 'Tarragona', 9),
	(44, 'Teruel', 2),
	(45, 'Toledo', 7),
	(46, 'Valencia', 10),
	(47, 'Valladolid', 8),
	(48, 'Vizcaya', 16),
	(49, 'Zamora', 8),
	(50, 'Zaragoza', 2),
	(51, 'Ceuta', 18),
	(52, 'Melilla', 19);

/*!40103 SET TIME_ZONE=IFNULL(@OLD_TIME_ZONE, 'system') */;
/*!40101 SET SQL_MODE=IFNULL(@OLD_SQL_MODE, '') */;
/*!40014 SET FOREIGN_KEY_CHECKS=IFNULL(@OLD_FOREIGN_KEY_CHECKS, 1) */;
/*!40101 SET CHARACTER_SET_CLIENT=@OLD_CHARACTER_SET_CLIENT */;
/*!40111 SET SQL_NOTES=IFNULL(@OLD_SQL_NOTES, 1) */;
